name,generation,status,type_1,type_2,height,weight,hp,defense,speed
Abomasnow,4,Normal,Grass,Ice,2.2,135.5,90,75,60
Abra,1,Normal,Psychic,NONE,0.9,19.5,25,15,90
Absol,3,Normal,Dark,NONE,1.2,47,65,60,75
Accelgor,5,Normal,Bug,NONE,0.8,25.3,80,40,145
Aegislash Blade,6,Normal,Steel,Ghost,1.7,53,60,50,60
Aegislash Shield,6,Normal,Steel,Ghost,1.7,53,60,150,60
Aerodactyl,1,Normal,Rock,Flying,1.8,59,80,65,130
Aggron,3,Normal,Steel,Rock,2.1,360,70,180,50
Aipom,2,Normal,Normal,NONE,0.8,11.5,55,55,85
Alakazam,1,Normal,Psychic,NONE,1.5,48,55,45,120
Alcremie,8,Normal,Fairy,NONE,0.3,0.5,65,75,64
Alomomola,5,Normal,Water,NONE,1.2,31.6,165,80,65
Altaria,3,Normal,Dragon,Flying,1.1,20.6,75,90,80
Amaura,6,Normal,Rock,Ice,1.3,25.2,77,50,46
Ambipom,4,Normal,Normal,NONE,1.2,20.3,75,66,115
Amoonguss,5,Normal,Grass,Poison,0.6,10.5,114,70,30
Ampharos,2,Normal,Electric,NONE,1.4,61.5,90,85,55
Anorith,3,Normal,Rock,Bug,0.7,12.5,45,50,75
Appletun,8,Normal,Grass,Dragon,0.4,13,110,80,30
Applin,8,Normal,Grass,Dragon,0.2,0.5,40,80,20
Araquanid,7,Normal,Water,Bug,1.8,82,68,92,42
Arbok,1,Normal,Poison,NONE,3.5,65,60,69,80
Arcanine,1,Normal,Fire,NONE,1.9,155,90,80,95
Arceus,4,Mythical,Normal,NONE,3.2,320,120,120,120
Archen,5,Normal,Rock,Flying,0.5,9.5,55,45,70
Archeops,5,Normal,Rock,Flying,1.4,32,75,65,110
Arctovish,8,Normal,Water,Ice,2,175,90,100,55
Arctozolt,8,Normal,Electric,Ice,2.3,150,90,90,55
Ariados,2,Normal,Bug,Poison,1.1,33.5,70,70,40
Armaldo,3,Normal,Rock,Bug,1.5,68.2,75,100,45
Aromatisse,6,Normal,Fairy,NONE,0.8,15.5,101,72,29
Aron,3,Normal,Steel,Rock,0.4,60,50,100,30
Arrokuda,8,Normal,Water,NONE,0.5,1,41,40,66
Articuno,1,Sub Legendary,Ice,Flying,1.7,55.4,90,100,85
Audino,5,Normal,Normal,NONE,1.1,31,103,86,50
Aurorus,6,Normal,Rock,Ice,2.7,225,123,72,58
Avalugg,6,Normal,Ice,NONE,2,505,95,184,28
Axew,5,Normal,Dragon,NONE,0.6,18,46,60,57
Azelf,4,Sub Legendary,Psychic,NONE,0.3,0.3,75,70,115
Azumarill,2,Normal,Water,Fairy,0.8,28.5,100,80,50
Azurill,3,Normal,Normal,Fairy,0.2,2,50,40,20
Bagon,3,Normal,Dragon,NONE,0.6,42.1,45,60,50
Baltoy,3,Normal,Ground,Psychic,0.5,21.5,40,55,55
Banette,3,Normal,Ghost,NONE,1.1,12.5,64,65,65
Barbaracle,6,Normal,Rock,Water,1.3,96,72,115,68
Barboach,3,Normal,Water,Ground,0.4,1.9,50,43,60
Barraskewda,8,Normal,Water,NONE,1.3,30,61,60,136
Basculin,5,Normal,Water,NONE,1,18,70,65,98
Bastiodon,4,Normal,Rock,Steel,1.3,149.5,60,168,30
Bayleef,2,Normal,Grass,NONE,1.2,15.8,60,80,60
Beartic,5,Normal,Ice,NONE,2.6,260,95,80,50
Beautifly,3,Normal,Bug,Flying,1,28.4,60,50,65
Beedrill,1,Normal,Bug,Poison,1,29.5,65,40,75
Beheeyem,5,Normal,Psychic,NONE,1,34.5,75,75,40
Beldum,3,Normal,Steel,Psychic,0.6,95.2,40,80,30
Bellossom,2,Normal,Grass,NONE,0.4,5.8,75,95,50
Bellsprout,1,Normal,Grass,Poison,0.7,4,50,35,40
Bergmite,6,Normal,Ice,NONE,1,99.5,55,85,28
Bewear,7,Normal,Normal,Fighting,2.1,135,120,80,60
Bibarel,4,Normal,Normal,Water,1,31.5,79,60,71
Bidoof,4,Normal,Normal,NONE,0.5,20,59,40,31
Binacle,6,Normal,Rock,Water,0.5,31,42,67,50
Bisharp,5,Normal,Dark,Steel,1.6,70,65,100,70
Blacephalon,7,Sub Legendary,Fire,Ghost,1.8,13,53,53,107
Blastoise,1,Normal,Water,NONE,1.6,85.5,79,100,78
Blaziken,3,Normal,Fire,Fighting,1.9,52,80,70,80
Blipbug,8,Normal,Bug,NONE,0.4,8,25,20,45
Blissey,2,Normal,Normal,NONE,1.5,46.8,255,10,55
Blitzle,5,Normal,Electric,NONE,0.8,29.8,45,32,76
Boldore,5,Normal,Rock,NONE,0.9,102,70,105,20
Boltund,8,Normal,Electric,NONE,1,34,69,60,121
Bonsly,4,Normal,Rock,NONE,0.5,15,50,95,10
Bouffalant,5,Normal,Normal,NONE,1.6,94.6,95,95,55
Bounsweet,7,Normal,Grass,NONE,0.3,3.2,42,38,32
Braixen,6,Normal,Fire,NONE,1,14.5,59,58,73
Braviary,5,Normal,Normal,Flying,1.5,41,100,75,80
Breloom,3,Normal,Grass,Fighting,1.2,39.2,60,80,70
Brionne,7,Normal,Water,NONE,0.6,17.5,60,69,50
Bronzong,4,Normal,Steel,Psychic,1.3,187,67,116,33
Bronzor,4,Normal,Steel,Psychic,0.5,60.5,57,86,23
Bruxish,7,Normal,Water,Psychic,0.9,19,68,70,92
Budew,4,Normal,Grass,Poison,0.2,1.2,40,35,55
Buizel,4,Normal,Water,NONE,0.7,29.5,55,35,85
Bulbasaur,1,Normal,Grass,Poison,0.7,6.9,45,49,45
Buneary,4,Normal,Normal,NONE,0.4,5.5,55,44,85
Bunnelby,6,Normal,Normal,NONE,0.4,5,38,38,57
Burmy,4,Normal,Bug,NONE,0.2,3.4,40,45,36
Butterfree,1,Normal,Bug,Flying,1.1,32,60,50,70
Buzzwole,7,Sub Legendary,Bug,Fighting,2.4,333.6,107,139,79
Cacnea,3,Normal,Grass,NONE,0.4,51.3,50,40,35
Cacturne,3,Normal,Grass,Dark,1.3,77.4,70,60,55
Calyrex,8,Legendary,Psychic,Grass,1.1,7.7,100,80,80
Calyrex Ice Rider,8,Legendary,Psychic,Ice,2.4,809.1,100,150,50
Calyrex Shadow Rider,8,Legendary,Psychic,Ghost,2.4,53.6,100,80,150
Camerupt,3,Normal,Fire,Ground,1.9,220,70,70,40
Carbink,6,Normal,Rock,Fairy,0.3,5.7,50,150,50
Carkol,8,Normal,Rock,Fire,1.1,78,80,90,50
Carnivine,4,Normal,Grass,NONE,1.4,27,74,72,46
Carracosta,5,Normal,Water,Rock,1.2,81,74,133,32
Carvanha,3,Normal,Water,Dark,0.8,20.8,45,20,65
Cascoon,3,Normal,Bug,NONE,0.7,11.5,50,55,15
Castform,3,Normal,Normal,NONE,0.3,0.8,70,70,70
Caterpie,1,Normal,Bug,NONE,0.3,2.9,45,35,45
Celebi,2,Mythical,Psychic,Grass,0.6,5,100,100,100
Celesteela,7,Sub Legendary,Steel,Flying,9.2,999.9,97,103,61
Centiskorch,8,Normal,Fire,Bug,3,120,100,65,65
Chandelure,5,Normal,Ghost,Fire,1,34.3,60,90,80
Chansey,1,Normal,Normal,NONE,1.1,34.6,250,5,50
Charizard,1,Normal,Fire,Flying,1.7,90.5,78,78,100
Charjabug,7,Normal,Bug,Electric,0.5,10.5,57,95,36
Charmander,1,Normal,Fire,NONE,0.6,8.5,39,43,65
Charmeleon,1,Normal,Fire,NONE,1.1,19,58,58,80
Chatot,4,Normal,Normal,Flying,0.5,1.9,76,45,91
Cherrim,4,Normal,Grass,NONE,0.5,9.3,70,70,85
Cherubi,4,Normal,Grass,NONE,0.4,3.3,45,45,35
Chesnaught,6,Normal,Grass,Fighting,1.6,90,88,122,64
Chespin,6,Normal,Grass,NONE,0.4,9,56,65,38
Chewtle,8,Normal,Water,NONE,0.3,8.5,50,50,44
Chikorita,2,Normal,Grass,NONE,0.9,6.4,45,65,45
Chimchar,4,Normal,Fire,NONE,0.5,6.2,44,44,61
Chimecho,3,Normal,Psychic,NONE,0.6,1,75,80,65
Chinchou,2,Normal,Water,Electric,0.5,12,75,38,67
Chingling,4,Normal,Psychic,NONE,0.2,0.6,45,50,45
Cinccino,5,Normal,Normal,NONE,0.5,7.5,75,60,115
Cinderace,8,Normal,Fire,NONE,1.4,33,80,75,119
Clamperl,3,Normal,Water,NONE,0.4,52.5,35,85,32
Clauncher,6,Normal,Water,NONE,0.5,8.3,50,62,44
Clawitzer,6,Normal,Water,NONE,1.3,35.3,71,88,59
Claydol,3,Normal,Ground,Psychic,1.5,108,60,105,75
Clefable,1,Normal,Fairy,NONE,1.3,40,95,73,60
Clefairy,1,Normal,Fairy,NONE,0.6,7.5,70,48,35
Cleffa,2,Normal,Fairy,NONE,0.3,3,50,28,15
Clobbopus,8,Normal,Fighting,NONE,0.6,4,50,60,32
Cloyster,1,Normal,Water,Ice,1.5,132.5,50,180,70
Coalossal,8,Normal,Rock,Fire,2.8,310.5,110,120,30
Cobalion,5,Sub Legendary,Steel,Fighting,2.1,250,91,129,108
Cofagrigus,5,Normal,Ghost,NONE,1.7,76.5,58,145,30
Combee,4,Normal,Bug,Flying,0.3,5.5,30,42,70
Combusken,3,Normal,Fire,Fighting,0.9,19.5,60,60,55
Comfey,7,Normal,Fairy,NONE,0.1,0.3,51,90,100
Conkeldurr,5,Normal,Fighting,NONE,1.4,87,105,95,45
Copperajah,8,Normal,Steel,NONE,3,650,122,69,30
Corphish,3,Normal,Water,NONE,0.6,11.5,43,65,35
Corsola,2,Normal,Water,Rock,0.6,5,65,95,35
Corviknight,8,Normal,Flying,Steel,2.2,75,98,105,67
Corvisquire,8,Normal,Flying,NONE,0.8,16,68,55,77
Cosmoem,7,Legendary,Psychic,NONE,0.1,999.9,43,131,37
Cosmog,7,Legendary,Psychic,NONE,0.2,0.1,43,31,37
Cottonee,5,Normal,Grass,Fairy,0.3,0.6,40,60,66
Crabominable,7,Normal,Fighting,Ice,1.7,180,97,77,43
Crabrawler,7,Normal,Fighting,NONE,0.6,7,47,57,63
Cradily,3,Normal,Rock,Grass,1.5,60.4,86,97,43
Cramorant,8,Normal,Flying,Water,0.8,18,70,55,85
Cranidos,4,Normal,Rock,NONE,0.9,31.5,67,40,58
Crawdaunt,3,Normal,Water,Dark,1.1,32.8,63,85,55
Cresselia,4,Sub Legendary,Psychic,NONE,1.5,85.6,120,120,85
Croagunk,4,Normal,Poison,Fighting,0.7,23,48,40,50
Crobat,2,Normal,Poison,Flying,1.8,75,85,80,130
Croconaw,2,Normal,Water,NONE,1.1,25,65,80,58
Crustle,5,Normal,Bug,Rock,1.4,200,70,125,45
Cryogonal,5,Normal,Ice,NONE,1.1,148,80,50,105
Cubchoo,5,Normal,Ice,NONE,0.5,8.5,55,40,40
Cubone,1,Normal,Ground,NONE,0.4,6.5,50,95,35
Cufant,8,Normal,Steel,NONE,1.2,100,72,49,40
Cursola,8,Normal,Ghost,NONE,1,0.4,60,50,30
Cutiefly,7,Normal,Bug,Fairy,0.1,0.2,40,40,84
Cyndaquil,2,Normal,Fire,NONE,0.5,7.9,39,43,65
Darkrai,4,Mythical,Dark,NONE,1.5,50.5,70,90,125
Darmanitan,5,Normal,Fire,Psychic,1.3,92.9,105,105,55
Dartrix,7,Normal,Grass,Flying,0.7,16,78,75,52
Darumaka,5,Normal,Fire,NONE,0.6,37.5,70,45,50
Dawn Wings Necrozma,7,Legendary,Psychic,Ghost,4.2,350,97,109,77
Decidueye,7,Normal,Grass,Ghost,1.6,36.6,78,75,70
Dedenne,6,Normal,Electric,Fairy,0.2,2.2,67,57,101
Deerling,5,Normal,Normal,Grass,0.6,19.5,60,50,75
Deino,5,Normal,Dark,Dragon,0.8,17.3,52,50,38
Delcatty,3,Normal,Normal,NONE,1.1,32.6,70,65,90
Delibird,2,Normal,Ice,Flying,0.9,16,45,45,75
Delphox,6,Normal,Fire,Psychic,1.5,39,75,72,104
Deoxys,3,Mythical,Psychic,NONE,1.7,60.8,50,20,150
Dewgong,1,Normal,Water,Ice,1.7,120,90,80,70
Dewott,5,Normal,Water,NONE,0.8,24.5,75,60,60
Dewpider,7,Normal,Water,Bug,0.3,4,38,52,27
Dhelmise,7,Normal,Ghost,Grass,3.9,210,70,100,40
Dialga,4,Legendary,Steel,Dragon,5.4,683,100,120,90
Diancie,6,Mythical,Rock,Fairy,0.7,8.8,50,150,50
Diggersby,6,Normal,Normal,Ground,1,42.4,85,77,78
Diglett,1,Normal,Ground,NONE,0.2,0.8,10,25,95
Ditto,1,Normal,Normal,NONE,0.3,4,48,48,48
Dodrio,1,Normal,Normal,Flying,1.8,85.2,60,70,110
Doduo,1,Normal,Normal,Flying,1.4,39.2,35,45,75
Donphan,2,Normal,Ground,NONE,1.1,120,90,120,50
Dottler,8,Normal,Bug,Psychic,0.4,19.5,50,80,30
Doublade,6,Normal,Steel,Ghost,0.8,4.5,59,150,35
Dracovish,8,Normal,Water,Dragon,2.3,215,90,100,75
Dracozolt,8,Normal,Electric,Dragon,1.8,190,90,90,75
Dragalge,6,Normal,Poison,Dragon,1.8,81.5,65,90,44
Dragapult,8,Normal,Dragon,Ghost,3,50,88,75,142
Dragonair,1,Normal,Dragon,NONE,4,16.5,61,65,70
Dragonite,1,Normal,Dragon,Flying,2.2,210,91,95,80
Drakloak,8,Normal,Dragon,Ghost,1.4,11,68,50,102
Drampa,7,Normal,Normal,Dragon,3,185,78,85,36
Drapion,4,Normal,Poison,Dark,1.3,61.5,70,110,95
Dratini,1,Normal,Dragon,NONE,1.8,3.3,41,45,50
Drednaw,8,Normal,Water,Rock,1,115.5,90,90,74
Dreepy,8,Normal,Dragon,Ghost,0.5,2,28,30,82
Drifblim,4,Normal,Ghost,Flying,1.2,15,150,44,80
Drifloon,4,Normal,Ghost,Flying,0.4,1.2,90,34,70
Drilbur,5,Normal,Ground,NONE,0.3,8.5,60,40,68
Drizzile,8,Normal,Water,NONE,0.7,11.5,65,55,90
Drowzee,1,Normal,Psychic,NONE,1,32.4,60,45,42
Druddigon,5,Normal,Dragon,NONE,1.6,139,77,90,48
Dubwool,8,Normal,Normal,NONE,1.3,43,72,100,88
Ducklett,5,Normal,Water,Flying,0.5,5.5,62,50,55
Dugtrio,1,Normal,Ground,NONE,0.7,33.3,35,50,120
Dunsparce,2,Normal,Normal,NONE,1.5,14,100,70,45
Duosion,5,Normal,Psychic,NONE,0.6,8,65,50,30
Duraludon,8,Normal,Steel,Dragon,1.8,40,70,115,85
Durant,5,Normal,Bug,Steel,0.3,33,58,112,109
Dusclops,3,Normal,Ghost,NONE,1.6,30.6,40,130,25
Dusk Mane Necrozma,7,Legendary,Psychic,Steel,3.8,460,97,127,77
Dusknoir,4,Normal,Ghost,NONE,2.2,106.6,45,135,45
Duskull,3,Normal,Ghost,NONE,0.8,15,20,90,25
Dustox,3,Normal,Bug,Poison,1.2,31.6,60,70,65
Dwebble,5,Normal,Bug,Rock,0.3,14.5,50,85,55
Eelektrik,5,Normal,Electric,NONE,1.2,22,65,70,40
Eelektross,5,Normal,Electric,NONE,2.1,80.5,85,80,50
Eevee,1,Normal,Normal,NONE,0.3,6.5,55,50,55
Eiscue Ice Face,8,Normal,Ice,NONE,1.4,89,75,110,50
Eiscue Noice Face,8,Normal,Ice,NONE,1.4,89,75,70,130
Ekans,1,Normal,Poison,NONE,2,6.9,35,44,55
Eldegoss,8,Normal,Grass,NONE,0.5,2.5,60,90,60
Electabuzz,1,Normal,Electric,NONE,1.1,30,65,57,105
Electivire,4,Normal,Electric,NONE,1.8,138.6,75,67,95
Electrike,3,Normal,Electric,NONE,0.6,15.2,40,40,65
Electrode,1,Normal,Electric,NONE,1.2,66.6,60,70,150
Elekid,2,Normal,Electric,NONE,0.6,23.5,45,37,95
Elgyem,5,Normal,Psychic,NONE,0.5,9,55,55,30
Emboar,5,Normal,Fire,Fighting,1.6,150,110,65,65
Emolga,5,Normal,Electric,Flying,0.4,5,55,60,103
Empoleon,4,Normal,Water,Steel,1.7,84.5,84,88,60
Entei,2,Sub Legendary,Fire,NONE,2.1,198,115,85,100
Escavalier,5,Normal,Bug,Steel,1,33,70,105,20
Espeon,2,Normal,Psychic,NONE,0.9,26.5,65,60,110
Espurr,6,Normal,Psychic,NONE,0.3,3.5,62,54,68
Eternatus,8,Legendary,Poison,Dragon,20,950,140,95,130
Excadrill,5,Normal,Ground,Steel,0.7,40.4,110,60,88
Exeggcute,1,Normal,Grass,Psychic,0.4,2.5,60,80,40
Exeggutor,1,Normal,Grass,Psychic,2,120,95,85,55
Exploud,3,Normal,Normal,NONE,1.5,84,104,63,68
Falinks,8,Normal,Fighting,NONE,3,62,65,100,75
Fan Rotom,4,Normal,Electric,Flying,0.3,0.3,50,107,86
Farfetchd,1,Normal,Normal,Flying,0.8,15,52,55,60
Fearow,1,Normal,Normal,Flying,1.2,38,65,65,100
Feebas,3,Normal,Water,NONE,0.6,7.4,20,20,80
Fennekin,6,Normal,Fire,NONE,0.4,9.4,40,40,60
Feraligatr,2,Normal,Water,NONE,2.3,88.8,85,100,78
Ferroseed,5,Normal,Grass,Steel,0.6,18.8,44,91,10
Ferrothorn,5,Normal,Grass,Steel,1,110,74,131,20
Finneon,4,Normal,Water,NONE,0.4,7,49,56,66
Flaaffy,2,Normal,Electric,NONE,0.8,13.3,70,55,45
Flapple,8,Normal,Grass,Dragon,0.3,1,70,80,70
Flareon,1,Normal,Fire,NONE,0.9,25,65,60,65
Fletchinder,6,Normal,Fire,Flying,0.7,16,62,55,84
Fletchling,6,Normal,Normal,Flying,0.3,1.7,45,43,62
Floatzel,4,Normal,Water,NONE,1.1,33.5,85,55,115
Floette,6,Normal,Fairy,NONE,0.2,0.9,54,47,52
Florges,6,Normal,Fairy,NONE,1.1,10,78,68,75
Flygon,3,Normal,Ground,Dragon,2,82,80,80,100
Fomantis,7,Normal,Grass,NONE,0.3,1.5,40,35,35
Foongus,5,Normal,Grass,Poison,0.2,1,69,45,15
Forretress,2,Normal,Bug,Steel,1.2,125.8,75,140,40
Fraxure,5,Normal,Dragon,NONE,1,36,66,70,67
Frillish,5,Normal,Water,Ghost,1.2,33,55,50,40
Froakie,6,Normal,Water,NONE,0.3,7,41,40,71
Frogadier,6,Normal,Water,NONE,0.6,10.9,54,52,97
Froslass,4,Normal,Ice,Ghost,1.3,26.6,70,70,110
Frosmoth,8,Normal,Ice,Bug,1.3,42,70,60,65
Furfrou,6,Normal,Normal,NONE,1.2,28,75,60,102
Furret,2,Normal,Normal,NONE,1.8,32.5,85,64,90
Gabite,4,Normal,Dragon,Ground,1.4,56,68,65,82
Gallade,4,Normal,Psychic,Fighting,1.6,52,68,65,80
Galvantula,5,Normal,Bug,Electric,0.8,14.3,70,60,108
Garbodor,5,Normal,Poison,NONE,1.9,107.3,80,82,75
Garchomp,4,Normal,Dragon,Ground,1.9,95,108,95,102
Gardevoir,3,Normal,Psychic,Fairy,1.6,48.4,68,65,80
Gastly,1,Normal,Ghost,Poison,1.3,0.1,30,30,80
Gastrodon,4,Normal,Water,Ground,0.9,29.9,111,68,39
Genesect,5,Mythical,Bug,Steel,1.5,82.5,71,95,99
Gengar,1,Normal,Ghost,Poison,1.5,40.5,60,60,110
Geodude,1,Normal,Rock,Ground,0.4,20,40,100,20
Gible,4,Normal,Dragon,Ground,0.7,20.5,58,45,42
Gigalith,5,Normal,Rock,NONE,1.7,260,85,130,25
Girafarig,2,Normal,Normal,Psychic,1.5,41.5,70,65,85
Giratina,4,Legendary,Ghost,Dragon,4.5,750,150,120,90
Glaceon,4,Normal,Ice,NONE,0.8,25.9,65,110,65
Glalie,3,Normal,Ice,NONE,1.5,256.5,80,80,80
Glameow,4,Normal,Normal,NONE,0.5,3.9,49,42,85
Glastrier,8,Sub Legendary,Ice,NONE,2.2,800,100,130,30
Gligar,2,Normal,Ground,Flying,1.1,64.8,65,105,85
Gliscor,4,Normal,Ground,Flying,2,42.5,75,125,95
Gloom,1,Normal,Grass,Poison,0.8,8.6,60,70,40
Gogoat,6,Normal,Grass,NONE,1.7,91,123,62,68
Golbat,1,Normal,Poison,Flying,1.6,55,75,70,90
Goldeen,1,Normal,Water,NONE,0.6,15,45,60,63
Golduck,1,Normal,Water,NONE,1.7,76.6,80,78,85
Golem,1,Normal,Rock,Ground,1.4,300,80,130,45
Golett,5,Normal,Ground,Ghost,1,92,59,50,35
Golisopod,7,Normal,Bug,Water,2,108,75,140,40
Golurk,5,Normal,Ground,Ghost,2.8,330,89,80,55
Goodra,6,Normal,Dragon,NONE,2,150.5,90,70,80
Goomy,6,Normal,Dragon,NONE,0.3,2.8,45,35,40
Gorebyss,3,Normal,Water,NONE,1.8,22.6,55,105,52
Gossifleur,8,Normal,Grass,NONE,0.4,2.2,40,60,10
Gothita,5,Normal,Psychic,NONE,0.4,5.8,45,50,45
Gothitelle,5,Normal,Psychic,NONE,1.5,44,70,95,65
Gothorita,5,Normal,Psychic,NONE,0.7,18,60,70,55
Gourgeist,6,Normal,Ghost,Grass,0.9,12.5,65,122,84
Granbull,2,Normal,Fairy,NONE,1.4,48.7,90,75,45
Grapploct,8,Normal,Fighting,NONE,1.6,39,80,90,42
Graveler,1,Normal,Rock,Ground,1,105,55,115,35
Greedent,8,Normal,Normal,NONE,0.6,6,120,95,20
Greninja,6,Normal,Water,Dark,1.5,40,72,67,122
Grimer,1,Normal,Poison,NONE,0.9,30,80,50,25
Grimmsnarl,8,Normal,Dark,Fairy,1.5,61,95,65,60
Grookey,8,Normal,Grass,NONE,0.3,5,50,50,65
Grotle,4,Normal,Grass,NONE,1.1,97,75,85,36
Groudon,3,Legendary,Ground,NONE,3.5,950,100,140,90
Grovyle,3,Normal,Grass,NONE,0.9,21.6,50,45,95
Growlithe,1,Normal,Fire,NONE,0.7,19,55,45,60
Grubbin,7,Normal,Bug,NONE,0.4,4.4,47,45,46
Grumpig,3,Normal,Psychic,NONE,0.9,71.5,80,65,80
Gulpin,3,Normal,Poison,NONE,0.4,10.3,70,53,40
Gumshoos,7,Normal,Normal,NONE,0.7,14.2,88,60,45
Gurdurr,5,Normal,Fighting,NONE,1.2,40,85,85,40
Guzzlord,7,Sub Legendary,Dark,Dragon,5.5,888,223,53,43
Gyarados,1,Normal,Water,Flying,6.5,235,95,79,81
Hakamo-o,7,Normal,Dragon,Fighting,1.2,47,55,90,65
Happiny,4,Normal,Normal,NONE,0.6,24.4,100,5,30
Hariyama,3,Normal,Fighting,NONE,2.3,253.8,144,60,50
Hatenna,8,Normal,Psychic,NONE,0.4,3.4,42,45,39
Hatterene,8,Normal,Psychic,Fairy,2.1,5,57,95,29
Hattrem,8,Normal,Psychic,NONE,0.6,4.8,57,65,49
Haunter,1,Normal,Ghost,Poison,1.6,0.1,45,45,95
Hawlucha,6,Normal,Fighting,Flying,0.8,21.5,78,75,118
Haxorus,5,Normal,Dragon,NONE,1.8,105.5,76,90,97
Heatmor,5,Normal,Fire,NONE,1.4,58,85,66,65
Heatran,4,Sub Legendary,Fire,Steel,1.7,430,91,106,77
Heliolisk,6,Normal,Electric,Normal,1,21,62,52,109
Helioptile,6,Normal,Electric,Normal,0.5,6,44,33,70
Heracross,2,Normal,Bug,Fighting,1.5,54,80,75,85
Herdier,5,Normal,Normal,NONE,0.9,14.7,65,65,60
Hippopotas,4,Normal,Ground,NONE,0.8,49.5,68,78,32
Hippowdon,4,Normal,Ground,NONE,2,300,108,118,47
Hitmonchan,1,Normal,Fighting,NONE,1.4,50.2,50,79,76
Hitmonlee,1,Normal,Fighting,NONE,1.5,49.8,50,53,87
Hitmontop,2,Normal,Fighting,NONE,1.4,48,50,95,70
Honchkrow,4,Normal,Dark,Flying,0.9,27.3,100,52,71
Honedge,6,Normal,Steel,Ghost,0.8,2,45,100,28
Ho-oh,2,Legendary,Fire,Flying,3.8,199,106,90,90
Hoopa,6,Mythical,Psychic,Ghost,0.5,9,80,60,70
Hoopa Unbound,6,Mythical,Psychic,Dark,6.5,490,80,60,80
Hoothoot,2,Normal,Normal,Flying,0.7,21.2,60,30,50
Hoppip,2,Normal,Grass,Flying,0.4,0.5,35,40,50
Horsea,1,Normal,Water,NONE,0.4,8,30,70,60
Houndoom,2,Normal,Dark,Fire,1.4,35,75,50,95
Houndour,2,Normal,Dark,Fire,0.6,10.8,45,30,65
Huntail,3,Normal,Water,NONE,1.7,27,55,105,52
Hydreigon,5,Normal,Dark,Dragon,1.8,160,92,90,98
Hypno,1,Normal,Psychic,NONE,1.6,75.6,85,70,67
Igglybuff,2,Normal,Normal,Fairy,0.3,1,90,15,15
Illumise,3,Normal,Bug,NONE,0.6,17.7,65,75,85
Impidimp,8,Normal,Dark,Fairy,0.4,5.5,45,30,50
Incineroar,7,Normal,Fire,Dark,1.8,83,95,90,60
Indeedee Female,8,Normal,Psychic,Normal,0.9,28,70,65,85
Indeedee Male,8,Normal,Psychic,Normal,0.9,28,60,55,95
Infernape,4,Normal,Fire,Fighting,1.2,55,76,71,108
Inkay,6,Normal,Dark,Psychic,0.4,3.5,53,53,45
Inteleon,8,Normal,Water,NONE,1.9,45.2,70,65,120
Ivysaur,1,Normal,Grass,Poison,1,13,60,63,60
Jangmo-o,7,Normal,Dragon,NONE,0.6,29.7,45,65,45
Jellicent,5,Normal,Water,Ghost,2.2,135,100,70,60
Jigglypuff,1,Normal,Normal,Fairy,0.5,5.5,115,20,20
Jirachi,3,Mythical,Steel,Psychic,0.3,1.1,100,100,100
Jolteon,1,Normal,Electric,NONE,0.8,24.5,65,60,130
Joltik,5,Normal,Bug,Electric,0.1,0.6,50,50,65
Jumpluff,2,Normal,Grass,Flying,0.8,3,75,70,110
Jynx,1,Normal,Ice,Psychic,1.4,40.6,65,35,95
Kabuto,1,Normal,Rock,Water,0.5,11.5,30,90,55
Kabutops,1,Normal,Rock,Water,1.3,40.5,60,105,80
Kadabra,1,Normal,Psychic,NONE,1.3,56.5,40,30,105
Kakuna,1,Normal,Bug,Poison,0.6,10,45,50,35
Kangaskhan,1,Normal,Normal,NONE,2.2,80,105,80,90
Karrablast,5,Normal,Bug,NONE,0.5,5.9,50,45,60
Kartana,7,Sub Legendary,Grass,Steel,0.3,0.1,59,131,109
Kecleon,3,Normal,Normal,NONE,1,22,60,70,40
Keldeo,5,Mythical,Water,Fighting,1.4,48.5,91,90,108
Kingdra,2,Normal,Water,Dragon,1.8,152,75,95,85
Kingler,1,Normal,Water,NONE,1.3,60,55,115,75
Kirlia,3,Normal,Psychic,Fairy,0.8,20.2,38,35,50
Klang,5,Normal,Steel,NONE,0.6,51,60,95,50
Klefki,6,Normal,Steel,Fairy,0.2,3,57,91,75
Klink,5,Normal,Steel,NONE,0.3,21,40,70,30
Klinklang,5,Normal,Steel,NONE,0.6,81,60,115,90
Koffing,1,Normal,Poison,NONE,0.6,1,40,95,35
Komala,7,Normal,Normal,NONE,0.4,19.9,65,65,65
Kommo-o,7,Normal,Dragon,Fighting,1.6,78.2,75,125,85
Krabby,1,Normal,Water,NONE,0.4,6.5,30,90,50
Kricketot,4,Normal,Bug,NONE,0.3,2.2,37,41,25
Kricketune,4,Normal,Bug,NONE,1,25.5,77,51,65
Krokorok,5,Normal,Ground,Dark,1,33.4,60,45,74
Krookodile,5,Normal,Ground,Dark,1.5,96.3,95,80,92
Kubfu,8,Sub Legendary,Fighting,NONE,0.6,12,60,60,72
Kyogre,3,Legendary,Water,NONE,4.5,352,100,90,90
Kyurem,5,Legendary,Dragon,Ice,3,325,125,90,95
Lairon,3,Normal,Steel,Rock,0.9,120,60,140,40
Lampent,5,Normal,Ghost,Fire,0.6,13,60,60,55
Landorus,5,Sub Legendary,Ground,Flying,1.5,68,89,90,101
Lanturn,2,Normal,Water,Electric,1.2,22.5,125,58,67
Lapras,1,Normal,Water,Ice,2.5,220,130,80,60
Larvesta,5,Normal,Bug,Fire,1.1,28.8,55,55,60
Larvitar,2,Normal,Rock,Ground,0.6,72,50,50,41
Latias,3,Sub Legendary,Dragon,Psychic,1.4,40,80,90,110
Latios,3,Sub Legendary,Dragon,Psychic,2,60,80,80,110
Leafeon,4,Normal,Grass,NONE,1,25.5,65,130,95
Leavanny,5,Normal,Bug,Grass,1.2,20.5,75,80,92
Ledian,2,Normal,Bug,Flying,1.4,35.6,55,50,85
Ledyba,2,Normal,Bug,Flying,1,10.8,40,30,55
Lickilicky,4,Normal,Normal,NONE,1.7,140,110,95,50
Lickitung,1,Normal,Normal,NONE,1.2,65.5,90,75,30
Liepard,5,Normal,Dark,NONE,1.1,37.5,64,50,106
Lileep,3,Normal,Rock,Grass,1,23.8,66,77,23
Lilligant,5,Normal,Grass,NONE,1.1,16.3,70,75,90
Lillipup,5,Normal,Normal,NONE,0.4,4.1,45,45,55
Linoone,3,Normal,Normal,NONE,0.5,32.5,78,61,100
Litleo,6,Normal,Fire,Normal,0.6,13.5,62,58,72
Litten,7,Normal,Fire,NONE,0.4,4.3,45,40,70
Litwick,5,Normal,Ghost,Fire,0.3,3.1,50,55,20
Lombre,3,Normal,Water,Grass,1.2,32.5,60,50,50
Lopunny,4,Normal,Normal,NONE,1.2,33.3,65,84,105
Lotad,3,Normal,Water,Grass,0.5,2.6,40,30,30
Loudred,3,Normal,Normal,NONE,1,40.5,84,43,48
Lucario,4,Normal,Fighting,Steel,1.2,54,70,70,90
Ludicolo,3,Normal,Water,Grass,1.5,55,80,70,70
Lugia,2,Legendary,Psychic,Flying,5.2,216,106,130,110
Lumineon,4,Normal,Water,NONE,1.2,24,69,76,91
Lunala,7,Legendary,Psychic,Ghost,4,120,137,89,97
Lunatone,3,Normal,Rock,Psychic,1,168,90,65,70
Lurantis,7,Normal,Grass,NONE,0.9,18.5,70,90,45
Luvdisc,3,Normal,Water,NONE,0.6,8.7,43,55,97
Luxio,4,Normal,Electric,NONE,0.9,30.5,60,49,60
Luxray,4,Normal,Electric,NONE,1.4,42,80,79,70
Lycanroc Dusk,7,Normal,Rock,NONE,0.8,25,75,65,110
Lycanroc Midday,7,Normal,Rock,NONE,0.8,25,75,65,112
Lycanroc Midnight,7,Normal,Rock,NONE,1.1,25,85,75,82
Machamp,1,Normal,Fighting,NONE,1.6,130,90,80,55
Machoke,1,Normal,Fighting,NONE,1.5,70.5,80,70,45
Machop,1,Normal,Fighting,NONE,0.8,19.5,70,50,35
Magby,2,Normal,Fire,NONE,0.7,21.4,45,37,83
Magcargo,2,Normal,Fire,Rock,0.8,55,60,120,30
Magearna,7,Mythical,Steel,Fairy,1,80.5,80,115,65
Magikarp,1,Normal,Water,NONE,0.9,10,20,55,80
Magmar,1,Normal,Fire,NONE,1.3,44.5,65,57,93
Magmortar,4,Normal,Fire,NONE,1.6,68,75,67,83
Magnemite,1,Normal,Electric,Steel,0.3,6,25,70,45
Magneton,1,Normal,Electric,Steel,1,60,50,95,70
Magnezone,4,Normal,Electric,Steel,1.2,180,70,115,60
Makuhita,3,Normal,Fighting,NONE,1,86.4,72,30,25
Malamar,6,Normal,Dark,Psychic,1.5,47,86,88,73
Mamoswine,4,Normal,Ice,Ground,2.5,291,110,80,80
Manaphy,4,Mythical,Water,NONE,0.3,1.4,100,100,100
Mandibuzz,5,Normal,Dark,Flying,1.2,39.5,110,105,80
Manectric,3,Normal,Electric,NONE,1.5,40.2,70,60,105
Mankey,1,Normal,Fighting,NONE,0.5,28,40,35,70
Mantine,2,Normal,Water,Flying,2.1,220,85,70,70
Mantyke,4,Normal,Water,Flying,1,65,45,50,50
Maractus,5,Normal,Grass,NONE,1,28,75,67,60
Mareanie,7,Normal,Poison,Water,0.4,8,50,62,45
Mareep,2,Normal,Electric,NONE,0.6,7.8,55,40,35
Marill,2,Normal,Water,Fairy,0.4,8.5,70,50,40
Marowak,1,Normal,Ground,NONE,1,45,60,110,45
Marshadow,7,Mythical,Fighting,Ghost,0.7,22.2,90,80,125
Marshtomp,3,Normal,Water,Ground,0.7,28,70,70,50
Masquerain,3,Normal,Bug,Flying,0.8,3.6,70,62,80
Mawile,3,Normal,Steel,Fairy,0.6,11.5,50,85,50
Medicham,3,Normal,Fighting,Psychic,1.3,31.5,60,75,80
Meditite,3,Normal,Fighting,Psychic,0.6,11.2,30,55,60
Meganium,2,Normal,Grass,NONE,1.8,100.5,80,100,80
Melmetal,7,Mythical,Steel,NONE,2.5,800,135,143,34
Meloetta,5,Mythical,Normal,Psychic,0.6,6.5,100,77,90
Meltan,7,Mythical,Steel,NONE,0.2,8,46,65,34
Meowstic,6,Normal,Psychic,NONE,0.6,8.5,74,76,104
Meowth,1,Normal,Normal,NONE,0.4,4.2,40,35,90
Mesprit,4,Sub Legendary,Psychic,NONE,0.3,0.3,80,105,80
Metagross,3,Normal,Steel,Psychic,1.6,550,80,130,70
Metang,3,Normal,Steel,Psychic,1.2,202.5,60,100,50
Metapod,1,Normal,Bug,NONE,0.7,9.9,50,55,30
Mew,1,Mythical,Psychic,NONE,0.4,4,100,100,100
Mewtwo,1,Legendary,Psychic,NONE,2,122,106,90,130
Mienfoo,5,Normal,Fighting,NONE,0.9,20,45,50,65
Mienshao,5,Normal,Fighting,NONE,1.4,35.5,65,60,105
Mightyena,3,Normal,Dark,NONE,1,37,70,70,70
Milcery,8,Normal,Fairy,NONE,0.2,0.3,45,40,34
Milotic,3,Normal,Water,NONE,6.2,162,95,79,81
Miltank,2,Normal,Normal,NONE,1.2,75.5,95,105,100
Mime Jr.,4,Normal,Psychic,Fairy,0.6,13,20,45,60
Mimikyu,7,Normal,Ghost,Fairy,0.2,0.7,55,80,96
Minccino,5,Normal,Normal,NONE,0.4,5.8,55,40,75
Minior Core Form,7,Normal,Rock,Flying,0.3,0.3,60,60,120
Minior Meteor Form,7,Normal,Rock,Flying,0.3,40,60,100,60
Minun,3,Normal,Electric,NONE,0.4,4.2,60,50,95
Misdreavus,2,Normal,Ghost,NONE,0.7,1,60,60,85
Mismagius,4,Normal,Ghost,NONE,0.9,4.4,60,60,105
Moltres,1,Sub Legendary,Fire,Flying,2,60,90,90,90
Monferno,4,Normal,Fire,Fighting,0.9,22,64,52,81
Morelull,7,Normal,Grass,Fairy,0.2,1.5,40,55,15
Morgrem,8,Normal,Dark,Fairy,0.8,12.5,65,45,70
Morpeko Full Belly Mode,8,Normal,Electric,Dark,0.3,3,58,58,97
Morpeko Hangry Mode,8,Normal,Electric,Dark,0.3,3,58,58,97
Mothim,4,Normal,Bug,Flying,0.9,23.3,70,50,66
Mr Mime,1,Normal,Psychic,Fairy,1.3,54.5,40,65,90
Mudbray,7,Normal,Ground,NONE,1,110,70,70,45
Mudkip,3,Normal,Water,NONE,0.4,7.6,50,50,40
Mudsdale,7,Normal,Ground,NONE,2.5,920,100,100,35
Muk,1,Normal,Poison,NONE,1.2,30,105,75,50
Munchlax,4,Normal,Normal,NONE,0.6,105,135,40,5
Munna,5,Normal,Psychic,NONE,0.6,23.3,76,45,24
Murkrow,2,Normal,Dark,Flying,0.5,2.1,60,42,91
Musharna,5,Normal,Psychic,NONE,1.1,60.5,116,85,29
Naganadel,7,Sub Legendary,Poison,Dragon,3.6,150,73,73,121
Natu,2,Normal,Psychic,Flying,0.2,2,40,45,70
Necrozma,7,Legendary,Psychic,NONE,2.4,230,97,101,79
Nickit,8,Normal,Dark,NONE,0.6,8.9,40,28,50
Nidoking,1,Normal,Poison,Ground,1.4,62,81,77,85
Nidoqueen,1,Normal,Poison,Ground,1.3,60,90,87,76
Nidorina,1,Normal,Poison,NONE,0.8,20,70,67,56
Nidorino,1,Normal,Poison,NONE,0.9,19.5,61,57,65
Nihilego,7,Sub Legendary,Rock,Poison,1.2,55.5,109,47,103
Nincada,3,Normal,Bug,Ground,0.5,5.5,31,90,40
Ninetales,1,Normal,Fire,NONE,1.1,19.9,73,75,100
Ninjask,3,Normal,Bug,Flying,0.8,12,61,45,160
Noctowl,2,Normal,Normal,Flying,1.6,40.8,100,50,70
Noibat,6,Normal,Flying,Dragon,0.5,8,40,35,55
Noivern,6,Normal,Flying,Dragon,1.5,85,85,80,123
Nosepass,3,Normal,Rock,NONE,1,97,30,135,30
Numel,3,Normal,Fire,Ground,0.7,24,60,40,35
Nuzleaf,3,Normal,Grass,Dark,1,28,70,40,60
Obstagoon,8,Normal,Dark,Normal,1.6,46,93,101,95
Octillery,2,Normal,Water,NONE,0.9,28.5,75,75,45
Oddish,1,Normal,Grass,Poison,0.5,5.4,45,55,30
Omanyte,1,Normal,Rock,Water,0.4,7.5,35,100,35
Omastar,1,Normal,Rock,Water,1,35,70,125,55
Onix,1,Normal,Rock,Ground,8.8,210,35,160,70
Oranguru,7,Normal,Normal,Psychic,1.5,76,90,80,60
Orbeetle,8,Normal,Bug,Psychic,0.4,40.8,60,110,90
Oricorio Baile Style,7,Normal,Fire,Flying,0.6,3.4,75,70,93
Oricorio Pa'u Style,7,Normal,Psychic,Flying,0.6,3.4,75,70,93
Oricorio Pom-Pom Style,7,Normal,Electric,Flying,0.6,3.4,75,70,93
Oricorio Sensu Style,7,Normal,Ghost,Flying,0.6,3.4,75,70,93
Oshawott,5,Normal,Water,NONE,0.5,5.9,55,45,45
Pachirisu,4,Normal,Electric,NONE,0.4,3.9,60,70,95
Palkia,4,Legendary,Water,Dragon,4.2,336,90,100,100
Palossand,7,Normal,Ghost,Ground,1.3,250,85,110,35
Palpitoad,5,Normal,Water,Ground,0.8,17,75,55,69
Pancham,6,Normal,Fighting,NONE,0.6,8,67,62,43
Pangoro,6,Normal,Fighting,Dark,2.1,136,95,78,58
Panpour,5,Normal,Water,NONE,0.6,13.5,50,48,64
Pansage,5,Normal,Grass,NONE,0.6,10.5,50,48,64
Pansear,5,Normal,Fire,NONE,0.6,11,50,48,64
Paras,1,Normal,Bug,Grass,0.3,5.4,35,55,25
Parasect,1,Normal,Bug,Grass,1,29.5,60,80,30
Partner Eevee,1,Normal,Normal,NONE,0.3,6.5,65,70,75
Partner Pikachu,1,Normal,Electric,NONE,0.4,6,45,50,120
Passimian,7,Normal,Fighting,NONE,2,82.8,100,90,80
Patrat,5,Normal,Normal,NONE,0.5,11.6,45,39,42
Pawniard,5,Normal,Dark,Steel,0.5,10.2,45,70,60
Pelipper,3,Normal,Water,Flying,1.2,28,60,100,65
Perrserker,8,Normal,Steel,NONE,0.8,28,70,100,50
Persian,1,Normal,Normal,NONE,1,32,65,60,115
Petilil,5,Normal,Grass,NONE,0.5,6.6,45,50,30
Phanpy,2,Normal,Ground,NONE,0.5,33.5,90,60,40
Phantump,6,Normal,Ghost,Grass,0.4,7,43,48,38
Pheromosa,7,Sub Legendary,Bug,Fighting,1.8,25,71,37,151
Phione,4,Mythical,Water,NONE,0.4,3.1,80,80,80
Pichu,2,Normal,Electric,NONE,0.3,2,20,15,60
Pidgeot,1,Normal,Normal,Flying,1.5,39.5,83,75,101
Pidgeotto,1,Normal,Normal,Flying,1.1,30,63,55,71
Pidgey,1,Normal,Normal,Flying,0.3,1.8,40,40,56
Pidove,5,Normal,Normal,Flying,0.3,2.1,50,50,43
Pignite,5,Normal,Fire,Fighting,1,55.5,90,55,55
Pikachu,1,Normal,Electric,NONE,0.4,6,35,40,90
Pikipek,7,Normal,Normal,Flying,0.3,1.2,35,30,65
Piloswine,2,Normal,Ice,Ground,1.1,55.8,100,80,50
Pincurchin,8,Normal,Electric,NONE,0.3,1,48,95,15
Pineco,2,Normal,Bug,NONE,0.6,7.2,50,90,15
Pinsir,1,Normal,Bug,NONE,1.5,55,65,100,85
Piplup,4,Normal,Water,NONE,0.4,5.2,53,53,40
Plusle,3,Normal,Electric,NONE,0.4,4.2,60,40,95
Poipole,7,Sub Legendary,Poison,NONE,0.6,1.8,67,67,73
Politoed,2,Normal,Water,NONE,1.1,33.9,90,75,70
Poliwag,1,Normal,Water,NONE,0.6,12.4,40,40,90
Poliwhirl,1,Normal,Water,NONE,1,20,65,65,90
Poliwrath,1,Normal,Water,Fighting,1.3,54,90,95,70
Polteageist,8,Normal,Ghost,NONE,0.2,0.4,60,65,70
Ponyta,1,Normal,Fire,NONE,1,30,50,55,90
Poochyena,3,Normal,Dark,NONE,0.5,13.6,35,35,35
Popplio,7,Normal,Water,NONE,0.4,7.5,50,54,40
Porygon,1,Normal,Normal,NONE,0.8,36.5,65,70,40
Porygon2,2,Normal,Normal,NONE,0.6,32.5,85,90,60
Porygon-Z,4,Normal,Normal,NONE,0.9,34,85,70,90
Primarina,7,Normal,Water,Fairy,1.8,44,80,74,60
Primeape,1,Normal,Fighting,NONE,1,32,65,60,95
Prinplup,4,Normal,Water,NONE,0.8,23,64,68,50
Probopass,4,Normal,Rock,Steel,1.4,340,60,145,40
Psyduck,1,Normal,Water,NONE,0.8,19.6,50,48,55
Pumpkaboo,6,Normal,Ghost,Grass,0.4,5,49,70,51
Pupitar,2,Normal,Rock,Ground,1.2,152,70,70,51
Purrloin,5,Normal,Dark,NONE,0.4,10.1,41,37,66
Purugly,4,Normal,Normal,NONE,1,43.8,71,64,112
Pyroar,6,Normal,Fire,Normal,1.5,81.5,86,72,106
Pyukumuku,7,Normal,Water,NONE,0.3,1.2,55,130,5
Quagsire,2,Normal,Water,Ground,1.4,75,95,85,35
Quilava,2,Normal,Fire,NONE,0.9,19,58,58,80
Quilladin,6,Normal,Grass,NONE,0.7,29,61,95,57
Qwilfish,2,Normal,Water,Poison,0.5,3.9,65,85,85
Raboot,8,Normal,Fire,NONE,0.6,9,65,60,94
Raichu,1,Normal,Electric,NONE,0.8,30,60,55,110
Raikou,2,Sub Legendary,Electric,NONE,1.9,178,90,75,115
Ralts,3,Normal,Psychic,Fairy,0.4,6.6,28,25,40
Rampardos,4,Normal,Rock,NONE,1.6,102.5,97,60,58
Rapidash,1,Normal,Fire,NONE,1.7,95,65,70,105
Raticate,1,Normal,Normal,NONE,0.7,18.5,55,60,97
Rattata,1,Normal,Normal,NONE,0.3,3.5,30,35,72
Rayquaza,3,Legendary,Dragon,Flying,7,206.5,105,90,95
Regice,3,Sub Legendary,Ice,NONE,1.8,175,80,100,50
Regidrago,8,Sub Legendary,Dragon,NONE,2.1,200,200,50,80
Regieleki,8,Sub Legendary,Electric,NONE,1.2,145,80,50,200
Regigigas,4,Sub Legendary,Normal,NONE,3.7,420,110,110,100
Regirock,3,Sub Legendary,Rock,NONE,1.7,230,80,200,50
Registeel,3,Sub Legendary,Steel,NONE,1.9,205,80,150,50
Relicanth,3,Normal,Water,Rock,1,23.4,100,130,55
Remoraid,2,Normal,Water,NONE,0.6,12,35,35,65
Reshiram,5,Legendary,Dragon,Fire,3.2,330,100,100,90
Reuniclus,5,Normal,Psychic,NONE,1,20.1,110,75,30
Rhydon,1,Normal,Ground,Rock,1.9,120,105,120,40
Rhyhorn,1,Normal,Ground,Rock,1,115,80,95,25
Rhyperior,4,Normal,Ground,Rock,2.4,282.8,115,130,40
Ribombee,7,Normal,Bug,Fairy,0.2,0.5,60,60,124
Rillaboom,8,Normal,Grass,NONE,2.1,90,100,90,85
Riolu,4,Normal,Fighting,NONE,0.7,20.2,40,40,60
Rockruff,7,Normal,Rock,NONE,0.5,9.2,45,40,60
Roggenrola,5,Normal,Rock,NONE,0.4,18,55,85,15
Rolycoly,8,Normal,Rock,NONE,0.3,12,30,50,30
Rookidee,8,Normal,Flying,NONE,0.2,1.8,38,35,57
Roselia,3,Normal,Grass,Poison,0.3,2,50,45,65
Roserade,4,Normal,Grass,Poison,0.9,14.5,60,65,90
Rotom,4,Normal,Electric,Ghost,0.3,0.3,50,77,91
Rowlet,7,Normal,Grass,Flying,0.3,1.5,68,55,42
Rufflet,5,Normal,Normal,Flying,0.5,10.5,70,50,60
Runerigus,8,Normal,Ground,Ghost,1.6,66.6,58,145,30
Sableye,3,Normal,Dark,Ghost,0.5,11,50,75,50
Salamence,3,Normal,Dragon,Flying,1.5,102.6,95,80,100
Salandit,7,Normal,Poison,Fire,0.6,4.8,48,40,77
Salazzle,7,Normal,Poison,Fire,1.2,22.2,68,60,117
Samurott,5,Normal,Water,NONE,1.5,94.6,95,85,70
Sandaconda,8,Normal,Ground,NONE,3.8,65.5,72,125,71
Sandile,5,Normal,Ground,Dark,0.7,15.2,50,35,65
Sandshrew,1,Normal,Ground,NONE,0.6,12,50,85,40
Sandslash,1,Normal,Ground,NONE,1,29.5,75,110,65
Sandygast,7,Normal,Ghost,Ground,0.5,70,55,80,15
Sawk,5,Normal,Fighting,NONE,1.4,51,75,75,85
Sawsbuck,5,Normal,Normal,Grass,1.9,92.5,80,70,95
Scatterbug,6,Normal,Bug,NONE,0.3,2.5,38,40,35
Sceptile,3,Normal,Grass,NONE,1.7,52.2,70,65,120
Scizor,2,Normal,Bug,Steel,1.8,118,70,100,65
Scolipede,5,Normal,Bug,Poison,2.5,200.5,60,89,112
Scorbunny,8,Normal,Fire,NONE,0.3,4.5,50,40,69
Scrafty,5,Normal,Dark,Fighting,1.1,30,65,115,58
Scraggy,5,Normal,Dark,Fighting,0.6,11.8,50,70,48
Scyther,1,Normal,Bug,Flying,1.5,56,70,80,105
Seadra,1,Normal,Water,NONE,1.2,25,55,95,85
Seaking,1,Normal,Water,NONE,1.3,39,80,65,68
Sealeo,3,Normal,Ice,Water,1.1,87.6,90,70,45
Seedot,3,Normal,Grass,NONE,0.5,4,40,50,30
Seel,1,Normal,Water,NONE,1.1,90,65,55,45
Seismitoad,5,Normal,Water,Ground,1.5,62,105,75,74
Sentret,2,Normal,Normal,NONE,0.8,6,35,34,20
Serperior,5,Normal,Grass,NONE,3.3,63,75,95,113
Servine,5,Normal,Grass,NONE,0.8,16,60,75,83
Seviper,3,Normal,Poison,NONE,2.7,52.5,73,60,65
Sewaddle,5,Normal,Bug,Grass,0.3,2.5,45,70,42
Sharpedo,3,Normal,Water,Dark,1.8,88.8,70,40,95
Shaymin,4,Mythical,Grass,NONE,0.2,2.1,100,100,100
Shaymin Sky,4,Mythical,Grass,Flying,0.4,5.2,100,75,127
Shedinja,3,Normal,Bug,Ghost,0.8,1.2,1,45,40
Shelgon,3,Normal,Dragon,NONE,1.1,110.5,65,100,50
Shellder,1,Normal,Water,NONE,0.3,4,30,100,40
Shellos,4,Normal,Water,NONE,0.3,6.3,76,48,34
Shelmet,5,Normal,Bug,NONE,0.4,7.7,50,85,25
Shieldon,4,Normal,Rock,Steel,0.5,57,30,118,30
Shiftry,3,Normal,Grass,Dark,1.3,59.6,90,60,80
Shiinotic,7,Normal,Grass,Fairy,1,11.5,60,80,30
Shinx,4,Normal,Electric,NONE,0.5,9.5,45,34,45
Shroomish,3,Normal,Grass,NONE,0.4,4.5,60,60,35
Shuckle,2,Normal,Bug,Rock,0.6,20.5,20,230,5
Shuppet,3,Normal,Ghost,NONE,0.6,2.3,44,35,45
Sigilyph,5,Normal,Psychic,Flying,1.4,14,72,80,97
Silcoon,3,Normal,Bug,NONE,0.6,10,50,55,15
Silicobra,8,Normal,Ground,NONE,2.2,7.6,52,75,46
Silvally,7,Sub Legendary,Normal,NONE,2.3,100.5,95,95,95
Simipour,5,Normal,Water,NONE,1,29,75,63,101
Simisage,5,Normal,Grass,NONE,1.1,30.5,75,63,101
Simisear,5,Normal,Fire,NONE,1,28,75,63,101
Sinistea,8,Normal,Ghost,NONE,0.1,0.2,40,45,50
Sirfetchd,8,Normal,Fighting,NONE,0.8,117,62,95,65
Sizzlipede,8,Normal,Fire,Bug,0.7,1,50,45,45
Skarmory,2,Normal,Steel,Flying,1.7,50.5,65,140,70
Skiddo,6,Normal,Grass,NONE,0.9,31,66,48,52
Skiploom,2,Normal,Grass,Flying,0.6,1,55,50,80
Skitty,3,Normal,Normal,NONE,0.6,11,50,45,50
Skorupi,4,Normal,Poison,Bug,0.8,12,40,90,65
Skrelp,6,Normal,Poison,Water,0.5,7.3,50,60,30
Skuntank,4,Normal,Poison,Dark,1,38,103,67,84
Skwovet,8,Normal,Normal,NONE,0.3,2.5,70,55,25
Slaking,3,Normal,Normal,NONE,2,130.5,150,100,100
Slakoth,3,Normal,Normal,NONE,0.8,24,60,60,30
Sliggoo,6,Normal,Dragon,NONE,0.8,17.5,68,53,60
Slowbro,1,Normal,Water,Psychic,1.6,78.5,95,110,30
Slowking,2,Normal,Water,Psychic,2,79.5,95,80,30
Slowpoke,1,Normal,Water,Psychic,1.2,36,90,65,15
Slugma,2,Normal,Fire,NONE,0.7,35,40,40,20
Slurpuff,6,Normal,Fairy,NONE,0.8,5,82,86,72
Smeargle,2,Normal,Normal,NONE,1.2,58,55,35,75
Smoochum,2,Normal,Ice,Psychic,0.4,6,45,15,65
Sneasel,2,Normal,Dark,Ice,0.9,28,55,55,115
Snivy,5,Normal,Grass,NONE,0.6,8.1,45,55,63
Snom,8,Normal,Ice,Bug,0.3,3.8,30,35,20
Snorlax,1,Normal,Normal,NONE,2.1,460,160,65,30
Snorunt,3,Normal,Ice,NONE,0.7,16.8,50,50,50
Snover,4,Normal,Grass,Ice,1,50.5,60,50,40
Snubbull,2,Normal,Fairy,NONE,0.6,7.8,60,50,30
Sobble,8,Normal,Water,NONE,0.3,4,50,40,70
Solgaleo,7,Legendary,Psychic,Steel,3.4,230,137,107,97
Solosis,5,Normal,Psychic,NONE,0.3,1,45,40,20
Solrock,3,Normal,Rock,Psychic,1.2,154,90,85,70
Spearow,1,Normal,Normal,Flying,0.3,2,40,30,70
Spectrier,8,Sub Legendary,Ghost,NONE,2,44.5,100,60,130
Spewpa,6,Normal,Bug,NONE,0.3,8.4,45,60,29
Spheal,3,Normal,Ice,Water,0.8,39.5,70,50,25
Spinarak,2,Normal,Bug,Poison,0.5,8.5,40,40,30
Spinda,3,Normal,Normal,NONE,1.1,5,60,60,60
Spiritomb,4,Normal,Ghost,Dark,1,108,50,108,35
Spoink,3,Normal,Psychic,NONE,0.7,30.6,60,35,60
Spritzee,6,Normal,Fairy,NONE,0.2,0.5,78,60,23
Squirtle,1,Normal,Water,NONE,0.5,9,44,65,43
Stakataka,7,Sub Legendary,Rock,Steel,5.5,820,61,211,13
Stantler,2,Normal,Normal,NONE,1.4,71.2,73,62,85
Staraptor,4,Normal,Normal,Flying,1.2,24.9,85,70,100
Staravia,4,Normal,Normal,Flying,0.6,15.5,55,50,80
Starly,4,Normal,Normal,Flying,0.3,2,40,30,60
Starmie,1,Normal,Water,Psychic,1.1,80,60,85,115
Staryu,1,Normal,Water,NONE,0.8,34.5,30,55,85
Steelix,2,Normal,Steel,Ground,9.2,400,75,200,30
Steenee,7,Normal,Grass,NONE,0.7,8.2,52,48,62
Stonjourner,8,Normal,Rock,NONE,2.5,520,100,135,70
Stoutland,5,Normal,Normal,NONE,1.2,61,85,90,80
Stufful,7,Normal,Normal,Fighting,0.5,6.8,70,50,50
Stunfisk,5,Normal,Ground,Electric,0.7,11,109,84,32
Stunky,4,Normal,Poison,Dark,0.4,19.2,63,47,74
Sudowoodo,2,Normal,Rock,NONE,1.2,38,70,115,30
Suicune,2,Sub Legendary,Water,NONE,2,187,100,115,85
Sunflora,2,Normal,Grass,NONE,0.8,8.5,75,55,30
Sunkern,2,Normal,Grass,NONE,0.3,1.8,30,30,30
Surskit,3,Normal,Bug,Water,0.5,1.7,40,32,65
Swablu,3,Normal,Normal,Flying,0.4,1.2,45,60,50
Swadloon,5,Normal,Bug,Grass,0.5,7.3,55,90,42
Swalot,3,Normal,Poison,NONE,1.7,80,100,83,55
Swampert,3,Normal,Water,Ground,1.5,81.9,100,90,60
Swanna,5,Normal,Water,Flying,1.3,24.2,75,63,98
Swellow,3,Normal,Normal,Flying,0.7,19.8,60,60,125
Swinub,2,Normal,Ice,Ground,0.4,6.5,50,40,50
Swirlix,6,Normal,Fairy,NONE,0.4,3.5,62,66,49
Swoobat,5,Normal,Psychic,Flying,0.9,10.5,67,55,114
Sylveon,6,Normal,Fairy,NONE,1,23.5,95,65,60
Taillow,3,Normal,Normal,Flying,0.3,2.3,40,30,85
Talonflame,6,Normal,Fire,Flying,1.2,24.5,78,71,126
Tangela,1,Normal,Grass,NONE,1,35,65,115,60
Tangrowth,4,Normal,Grass,NONE,2,128.6,100,125,50
Tapu Bulu,7,Sub Legendary,Grass,Fairy,1.9,45.5,70,115,75
Tapu Fini,7,Sub Legendary,Water,Fairy,1.3,21.2,70,115,85
Tapu Koko,7,Sub Legendary,Electric,Fairy,1.8,20.5,70,85,130
Tapu Lele,7,Sub Legendary,Psychic,Fairy,1.2,18.6,70,75,95
Tauros,1,Normal,Normal,NONE,1.4,88.4,75,95,110
Teddiursa,2,Normal,Normal,NONE,0.6,8.8,60,50,40
Tentacool,1,Normal,Water,Poison,0.9,45.5,40,35,70
Tentacruel,1,Normal,Water,Poison,1.6,55,80,65,100
Tepig,5,Normal,Fire,NONE,0.5,9.9,65,45,45
Terrakion,5,Sub Legendary,Rock,Fighting,1.9,260,91,90,108
Thievul,8,Normal,Dark,NONE,1.2,19.9,70,58,90
Throh,5,Normal,Fighting,NONE,1.3,55.5,120,85,45
Thundurus,5,Sub Legendary,Electric,Flying,1.5,61,79,70,111
Thwackey,8,Normal,Grass,NONE,0.7,14,70,70,80
Timburr,5,Normal,Fighting,NONE,0.6,12.5,75,55,35
Tirtouga,5,Normal,Water,Rock,0.7,16.5,54,103,22
Togedemaru,7,Normal,Electric,Steel,0.3,3.3,65,63,96
Togekiss,4,Normal,Fairy,Flying,1.5,38,85,95,80
Togepi,2,Normal,Fairy,NONE,0.3,1.5,35,65,20
Togetic,2,Normal,Fairy,Flying,0.6,3.2,55,85,40
Torchic,3,Normal,Fire,NONE,0.4,2.5,45,40,45
Torkoal,3,Normal,Fire,NONE,0.5,80.4,70,140,20
Tornadus,5,Sub Legendary,Flying,NONE,1.5,63,79,70,111
Torracat,7,Normal,Fire,NONE,0.7,25,65,50,90
Torterra,4,Normal,Grass,Ground,2.2,310,95,105,56
Totodile,2,Normal,Water,NONE,0.6,9.5,50,64,43
Toucannon,7,Normal,Normal,Flying,1.1,26,80,75,60
Toxapex,7,Normal,Poison,Water,0.7,14.5,50,152,35
Toxel,8,Normal,Electric,Poison,0.4,11,40,35,40
Toxicroak,4,Normal,Poison,Fighting,1.3,44.4,83,65,85
Toxtricity Amped Form,8,Normal,Electric,Poison,1.6,40,75,70,75
Toxtricity Low Key Form,8,Normal,Electric,Poison,1.6,40,75,70,75
Tranquill,5,Normal,Normal,Flying,0.6,15,62,62,65
Trapinch,3,Normal,Ground,NONE,0.7,15,45,45,10
Treecko,3,Normal,Grass,NONE,0.5,5,40,35,70
Trevenant,6,Normal,Ghost,Grass,1.5,71,85,76,56
Tropius,3,Normal,Grass,Flying,2,100,99,83,51
Trubbish,5,Normal,Poison,NONE,0.6,31,50,62,65
Trumbeak,7,Normal,Normal,Flying,0.6,14.8,55,50,75
Tsareena,7,Normal,Grass,NONE,1.2,21.4,72,98,72
Turtonator,7,Normal,Fire,Dragon,2,212,60,135,36
Turtwig,4,Normal,Grass,NONE,0.4,10.2,55,64,31
Tympole,5,Normal,Water,NONE,0.5,4.5,50,40,64
Tynamo,5,Normal,Electric,NONE,0.2,0.3,35,40,60
Type: Null,7,Sub Legendary,Normal,NONE,1.9,120.5,95,95,59
Typhlosion,2,Normal,Fire,NONE,1.7,79.5,78,78,100
Tyranitar,2,Normal,Rock,Dark,2,202,100,110,61
Tyrantrum,6,Normal,Rock,Dragon,2.5,270,82,119,71
Tyrogue,2,Normal,Fighting,NONE,0.7,21,35,35,35
Tyrunt,6,Normal,Rock,Dragon,0.8,26,58,77,48
Ultra Necrozma,7,Legendary,Psychic,Dragon,7.5,230,97,97,129
Umbreon,2,Normal,Dark,NONE,1,27,95,110,65
Unfezant,5,Normal,Normal,Flying,1.2,29,80,80,93
Unown,2,Normal,Psychic,NONE,0.5,5,48,48,48
Ursaring,2,Normal,Normal,NONE,1.8,125.8,90,75,55
Urshifu Rapid,8,Sub Legendary,Fighting,Water,1.9,105,100,100,97
Urshifu Single,8,Sub Legendary,Fighting,Dark,1.9,105,100,100,97
Uxie,4,Sub Legendary,Psychic,NONE,0.3,0.3,75,130,95
Vanillish,5,Normal,Ice,NONE,1.1,41,51,65,59
Vanillite,5,Normal,Ice,NONE,0.4,5.7,36,50,44
Vanilluxe,5,Normal,Ice,NONE,1.3,57.5,71,85,79
Vaporeon,1,Normal,Water,NONE,1,29,130,60,65
Venipede,5,Normal,Bug,Poison,0.4,5.3,30,59,57
Venomoth,1,Normal,Bug,Poison,1.5,12.5,70,60,90
Venonat,1,Normal,Bug,Poison,1,30,60,50,45
Venusaur,1,Normal,Grass,Poison,2,100,80,83,80
Vespiquen,4,Normal,Bug,Flying,1.2,38.5,70,102,40
Vibrava,3,Normal,Ground,Dragon,1.1,15.3,50,50,70
Victini,5,Mythical,Psychic,Fire,0.4,4,100,100,100
Victreebel,1,Normal,Grass,Poison,1.7,15.5,80,65,70
Vigoroth,3,Normal,Normal,NONE,1.4,46.5,80,80,90
Vikavolt,7,Normal,Bug,Electric,1.5,45,77,90,43
Vileplume,1,Normal,Grass,Poison,1.2,18.6,75,85,50
Virizion,5,Sub Legendary,Grass,Fighting,2,200,91,72,108
Vivillon,6,Normal,Bug,Flying,1.2,17,80,50,89
Volbeat,3,Normal,Bug,NONE,0.7,17.7,65,75,85
Volcanion,6,Mythical,Fire,Water,1.7,195,80,120,70
Volcarona,5,Normal,Bug,Fire,1.6,46,85,65,100
Voltorb,1,Normal,Electric,NONE,0.5,10.4,40,50,100
Vullaby,5,Normal,Dark,Flying,0.5,9,70,75,60
Vulpix,1,Normal,Fire,NONE,0.6,9.9,38,40,65
Wailmer,3,Normal,Water,NONE,2,130,130,35,60
Wailord,3,Normal,Water,NONE,14.5,398,170,45,60
Walrein,3,Normal,Ice,Water,1.4,150.6,110,90,65
Wartortle,1,Normal,Water,NONE,1,22.5,59,80,58
Wash Rotom,4,Normal,Electric,Water,0.3,0.3,50,107,86
Watchog,5,Normal,Normal,NONE,1.1,27,60,69,77
Weavile,4,Normal,Dark,Ice,1.1,34,70,65,125
Weedle,1,Normal,Bug,Poison,0.3,3.2,40,30,50
Weepinbell,1,Normal,Grass,Poison,1,6.4,65,50,55
Weezing,1,Normal,Poison,NONE,1.2,9.5,65,120,60
Whimsicott,5,Normal,Grass,Fairy,0.7,6.6,60,85,116
Whirlipede,5,Normal,Bug,Poison,1.2,58.5,40,99,47
Whiscash,3,Normal,Water,Ground,0.9,23.6,110,73,60
Whismur,3,Normal,Normal,NONE,0.6,16.3,64,23,28
Wigglytuff,1,Normal,Normal,Fairy,1,12,140,45,45
Wimpod,7,Normal,Bug,Water,0.5,12,25,40,80
Wingull,3,Normal,Water,Flying,0.6,9.5,40,30,85
Wishiwashi School Form,7,Normal,Water,NONE,8.2,78.6,45,130,30
Wishiwashi Solo Form,7,Normal,Water,NONE,0.2,0.3,45,20,40
Wobbuffet,2,Normal,Psychic,NONE,1.3,28.5,190,58,33
Woobat,5,Normal,Psychic,Flying,0.4,2.1,65,43,72
Wooloo,8,Normal,Normal,NONE,0.6,6,42,55,48
Wooper,2,Normal,Water,Ground,0.4,8.5,55,45,15
Wormadam,4,Normal,Bug,Grass,0.5,6.5,60,85,36
Wurmple,3,Normal,Bug,NONE,0.3,3.6,45,35,20
Wynaut,3,Normal,Psychic,NONE,0.6,14,95,48,23
Xatu,2,Normal,Psychic,Flying,1.5,15,65,70,95
Xerneas,6,Legendary,Fairy,NONE,3,215,126,95,99
Xurkitree,7,Sub Legendary,Electric,NONE,3.8,100,83,71,83
Yamask,5,Normal,Ghost,NONE,0.5,1.5,38,85,30
Yamper,8,Normal,Electric,NONE,0.3,13.5,59,50,26
Yanma,2,Normal,Bug,Flying,1.2,38,65,45,95
Yanmega,4,Normal,Bug,Flying,1.9,51.5,86,86,95
Yungoos,7,Normal,Normal,NONE,0.4,6,48,30,45
Yveltal,6,Legendary,Dark,Flying,5.8,203,126,95,99
Zacian,8,Legendary,Fairy,Steel,2.8,355,92,115,148
Zamazenta,8,Legendary,Fighting,Steel,2.9,785,92,145,128
Zangoose,3,Normal,Normal,NONE,1.3,40.3,73,60,90
Zapdos,1,Sub Legendary,Electric,Flying,1.6,52.6,90,85,100
Zarude,8,Mythical,Dark,Grass,1.8,70,105,105,105
Zebstrika,5,Normal,Electric,NONE,1.6,79.5,75,63,116
Zekrom,5,Legendary,Dragon,Electric,2.9,345,100,120,90
Zeraora,7,Mythical,Electric,NONE,1.5,44.5,88,75,143
Zigzagoon,3,Normal,Normal,NONE,0.4,17.5,38,41,60
Zoroark,5,Normal,Dark,NONE,1.6,81.1,60,60,105
Zorua,5,Normal,Dark,NONE,0.7,12.5,40,40,65
Zubat,1,Normal,Poison,Flying,0.8,7.5,40,35,55
Zweilous,5,Normal,Dark,Dragon,1.4,50,72,70,58
Zygarde 10% Forme,6,Legendary,Dragon,Ground,1.2,33.5,54,71,115
Zygarde 50% Forme,6,Legendary,Dragon,Ground,5,305,108,121,95
Zygarde Complete Forme,6,Legendary,Dragon,Ground,4.5,610,216,121,85
Koraidon,9,Legendary,Fighting,Dragon,2.5,303,100,115,135
Miraidon,9,Legendary,Electric,Dragon,3.5,240,100,100,135
